-- Sacred Dominion
-- Decrees.sql
--
-- Primary language: English
-- German translation: Text/de_DE.xml
--
-- Phase 4: sacred decrees as policy cards.
--
-- This is the first conservative implementation pass.
-- Decrees are simulated as policy cards until custom UI exists.

INSERT OR IGNORE INTO Types
    (Type, Kind)
VALUES
    ('POLICY_SACRED_DOMINION_DECREE_TITHE', 'KIND_POLICY'),
    ('POLICY_SACRED_DOMINION_DECREE_HOLY_FESTIVALS', 'KIND_POLICY'),
    ('POLICY_SACRED_DOMINION_DECREE_MISSIONARY_MANDATE', 'KIND_POLICY'),
    ('POLICY_SACRED_DOMINION_DECREE_MOBILIZE_ORDERS', 'KIND_POLICY'),
    ('POLICY_SACRED_DOMINION_DECREE_WONDER_VENERATION', 'KIND_POLICY');

INSERT OR IGNORE INTO Policies
    (PolicyType, Name, Description, PrereqCivic, GovernmentSlotType)
VALUES
    ('POLICY_SACRED_DOMINION_DECREE_TITHE', 'LOC_SACRED_DOMINION_DECREE_TITHE_NAME', 'LOC_SACRED_DOMINION_DECREE_TITHE_DESCRIPTION', 'CIVIC_THEOLOGY', 'SLOT_ECONOMIC'),
    ('POLICY_SACRED_DOMINION_DECREE_HOLY_FESTIVALS', 'LOC_SACRED_DOMINION_DECREE_HOLY_FESTIVALS_NAME', 'LOC_SACRED_DOMINION_DECREE_HOLY_FESTIVALS_DESCRIPTION', 'CIVIC_THEOLOGY', 'SLOT_ECONOMIC'),
    ('POLICY_SACRED_DOMINION_DECREE_MISSIONARY_MANDATE', 'LOC_SACRED_DOMINION_DECREE_MISSIONARY_MANDATE_NAME', 'LOC_SACRED_DOMINION_DECREE_MISSIONARY_MANDATE_DESCRIPTION', 'CIVIC_THEOLOGY', 'SLOT_ECONOMIC'),
    ('POLICY_SACRED_DOMINION_DECREE_MOBILIZE_ORDERS', 'LOC_SACRED_DOMINION_DECREE_MOBILIZE_ORDERS_NAME', 'LOC_SACRED_DOMINION_DECREE_MOBILIZE_ORDERS_DESCRIPTION', 'CIVIC_REFORMED_CHURCH', 'SLOT_MILITARY'),
    ('POLICY_SACRED_DOMINION_DECREE_WONDER_VENERATION', 'LOC_SACRED_DOMINION_DECREE_WONDER_VENERATION_NAME', 'LOC_SACRED_DOMINION_DECREE_WONDER_VENERATION_DESCRIPTION', 'CIVIC_REFORMED_CHURCH', 'SLOT_ECONOMIC');

-- Conservative first effects.
-- These effects use simple building yield patterns already used in Phase 2.

INSERT OR IGNORE INTO PolicyModifiers
    (PolicyType, ModifierId)
VALUES
    ('POLICY_SACRED_DOMINION_DECREE_TITHE', 'SACRED_DOMINION_DECREE_TITHE_TEMPLE_GOLD'),
    ('POLICY_SACRED_DOMINION_DECREE_HOLY_FESTIVALS', 'SACRED_DOMINION_DECREE_HOLY_FESTIVALS_TEMPLE_CULTURE'),
    ('POLICY_SACRED_DOMINION_DECREE_MISSIONARY_MANDATE', 'SACRED_DOMINION_DECREE_MISSIONARY_MANDATE_SHRINE_FAITH'),
    ('POLICY_SACRED_DOMINION_DECREE_MOBILIZE_ORDERS', 'SACRED_DOMINION_DECREE_MOBILIZE_ORDERS_TEMPLE_FAITH'),
    ('POLICY_SACRED_DOMINION_DECREE_WONDER_VENERATION', 'SACRED_DOMINION_DECREE_WONDER_VENERATION_TEMPLE_CULTURE');

INSERT OR IGNORE INTO Modifiers
    (ModifierId, ModifierType, SubjectRequirementSetId)
VALUES
    ('SACRED_DOMINION_DECREE_TITHE_TEMPLE_GOLD', 'MODIFIER_PLAYER_CITIES_ADJUST_BUILDING_YIELD_CHANGE', NULL),
    ('SACRED_DOMINION_DECREE_HOLY_FESTIVALS_TEMPLE_CULTURE', 'MODIFIER_PLAYER_CITIES_ADJUST_BUILDING_YIELD_CHANGE', NULL),
    ('SACRED_DOMINION_DECREE_MISSIONARY_MANDATE_SHRINE_FAITH', 'MODIFIER_PLAYER_CITIES_ADJUST_BUILDING_YIELD_CHANGE', NULL),
    ('SACRED_DOMINION_DECREE_MOBILIZE_ORDERS_TEMPLE_FAITH', 'MODIFIER_PLAYER_CITIES_ADJUST_BUILDING_YIELD_CHANGE', NULL),
    ('SACRED_DOMINION_DECREE_WONDER_VENERATION_TEMPLE_CULTURE', 'MODIFIER_PLAYER_CITIES_ADJUST_BUILDING_YIELD_CHANGE', NULL);

INSERT OR IGNORE INTO ModifierArguments
    (ModifierId, Name, Value)
VALUES
    ('SACRED_DOMINION_DECREE_TITHE_TEMPLE_GOLD', 'BuildingType', 'BUILDING_TEMPLE'),
    ('SACRED_DOMINION_DECREE_TITHE_TEMPLE_GOLD', 'YieldType', 'YIELD_GOLD'),
    ('SACRED_DOMINION_DECREE_TITHE_TEMPLE_GOLD', 'Amount', '1'),
    ('SACRED_DOMINION_DECREE_HOLY_FESTIVALS_TEMPLE_CULTURE', 'BuildingType', 'BUILDING_TEMPLE'),
    ('SACRED_DOMINION_DECREE_HOLY_FESTIVALS_TEMPLE_CULTURE', 'YieldType', 'YIELD_CULTURE'),
    ('SACRED_DOMINION_DECREE_HOLY_FESTIVALS_TEMPLE_CULTURE', 'Amount', '1'),
    ('SACRED_DOMINION_DECREE_MISSIONARY_MANDATE_SHRINE_FAITH', 'BuildingType', 'BUILDING_SHRINE'),
    ('SACRED_DOMINION_DECREE_MISSIONARY_MANDATE_SHRINE_FAITH', 'YieldType', 'YIELD_FAITH'),
    ('SACRED_DOMINION_DECREE_MISSIONARY_MANDATE_SHRINE_FAITH', 'Amount', '1'),
    ('SACRED_DOMINION_DECREE_MOBILIZE_ORDERS_TEMPLE_FAITH', 'BuildingType', 'BUILDING_TEMPLE'),
    ('SACRED_DOMINION_DECREE_MOBILIZE_ORDERS_TEMPLE_FAITH', 'YieldType', 'YIELD_FAITH'),
    ('SACRED_DOMINION_DECREE_MOBILIZE_ORDERS_TEMPLE_FAITH', 'Amount', '1'),
    ('SACRED_DOMINION_DECREE_WONDER_VENERATION_TEMPLE_CULTURE', 'BuildingType', 'BUILDING_TEMPLE'),
    ('SACRED_DOMINION_DECREE_WONDER_VENERATION_TEMPLE_CULTURE', 'YieldType', 'YIELD_CULTURE'),
    ('SACRED_DOMINION_DECREE_WONDER_VENERATION_TEMPLE_CULTURE', 'Amount', '1');
